[
    {
        "pk": 1, 
        "model": "sites.site", 
        "fields": {
            "domain": "127.0.0.1:8000", 
            "name": "example.com"
        }
    }, 
    {
        "pk": 3, 
        "model": "appstore.appcategory", 
        "fields": {
            "image": "appstore/appcategory/logo/boogie.jpg", 
            "name": "Genres", 
            "description": "Great music genres !"
        }
    }, 
    {
        "pk": 1, 
        "model": "appstore.appcategory", 
        "fields": {
            "image": "appstore/appcategory/logo/guitar-icon.png", 
            "name": "Strings", 
            "description": "Stringed instruments"
        }
    }, 
    {
        "pk": 2, 
        "model": "appstore.appcategory", 
        "fields": {
            "image": "appstore/appcategory/logo/Trumpet-icon.png", 
            "name": "Wind", 
            "description": "Wind instruments"
        }
    }, 
    {
        "pk": 3, 
        "model": "appstore.appfeature", 
        "fields": {
            "name": "Genres"
        }
    }, 
    {
        "pk": 1, 
        "model": "appstore.appfeature", 
        "fields": {
            "name": "Instrument"
        }
    }, 
    {
        "pk": 17, 
        "model": "appstore.app", 
        "fields": {
            "category": 1, 
            "superseeds": null, 
            "name": "Accoustic guitar", 
            "image": "appstore/app/image/guitar-icon.png", 
            "editor": "appstore.contrib.dummy_appeditor", 
            "provides": 1, 
            "in_appstore": true, 
            "default_for_feature": false, 
            "requires": [], 
            "deployed": true, 
            "description": "A fine accoustic guitar tuned in standard E."
        }
    }, 
    {
        "pk": 21, 
        "model": "appstore.app", 
        "fields": {
            "category": 3, 
            "superseeds": null, 
            "name": "Boogie woogie", 
            "image": "appstore/app/image/boogie.jpg", 
            "editor": "appstore.contrib.dummy_appeditor", 
            "provides": 3, 
            "in_appstore": true, 
            "default_for_feature": true, 
            "requires": [
                1
            ], 
            "deployed": true, 
            "description": "Do you want to boogie ?"
        }
    }, 
    {
        "pk": 22, 
        "model": "appstore.app", 
        "fields": {
            "category": 3, 
            "superseeds": null, 
            "name": "Chicago blues", 
            "image": "appstore/app/image/blues.jpg", 
            "editor": "appstore.contrib.dummy_appeditor", 
            "provides": 3, 
            "in_appstore": true, 
            "default_for_feature": false, 
            "requires": [
                1
            ], 
            "deployed": true, 
            "description": "Supports I IV V progressions and variants."
        }
    }, 
    {
        "pk": 20, 
        "model": "appstore.app", 
        "fields": {
            "category": 2, 
            "superseeds": null, 
            "name": "Chromatic harmonica", 
            "image": "appstore/app/image/harmonica-icon_1.png", 
            "editor": "appstore.contrib.dummy_appeditor", 
            "provides": 1, 
            "in_appstore": true, 
            "default_for_feature": false, 
            "requires": [], 
            "deployed": true, 
            "description": "Great for classical music, supports all keys."
        }
    }, 
    {
        "pk": 16, 
        "model": "appstore.app", 
        "fields": {
            "category": 1, 
            "superseeds": null, 
            "name": "Concierto Ukulele", 
            "image": "appstore/app/image/Uke-2-icon.png", 
            "editor": "appstore.contrib.dummy_appeditor", 
            "provides": 1, 
            "in_appstore": true, 
            "default_for_feature": false, 
            "requires": [], 
            "deployed": true, 
            "description": "Tuned in CGEA"
        }
    }, 
    {
        "pk": 19, 
        "model": "appstore.app", 
        "fields": {
            "category": 2, 
            "superseeds": null, 
            "name": "Diatonic harmonica", 
            "image": "appstore/app/image/harmonica-icon.png", 
            "editor": "appstore.contrib.dummy_appeditor", 
            "provides": 1, 
            "in_appstore": true, 
            "default_for_feature": false, 
            "requires": [], 
            "deployed": true, 
            "description": "Diatonic harmonica in Richter standard tuning emulator, supports all keys."
        }
    }, 
    {
        "pk": 18, 
        "model": "appstore.app", 
        "fields": {
            "category": 1, 
            "superseeds": null, 
            "name": "Electric guitar", 
            "image": "appstore/app/image/guitar-icon_1.png", 
            "editor": "appstore.contrib.dummy_appeditor", 
            "provides": 1, 
            "in_appstore": true, 
            "default_for_feature": false, 
            "requires": [], 
            "deployed": true, 
            "description": "A nice electric guitar from the 60's"
        }
    }, 
    {
        "pk": 23, 
        "model": "appstore.app", 
        "fields": {
            "category": 3, 
            "superseeds": null, 
            "name": "Jazz", 
            "image": "appstore/app/image/jazz.jpg", 
            "editor": "appstore.contrib.dummy_appeditor", 
            "provides": 3, 
            "in_appstore": true, 
            "default_for_feature": false, 
            "requires": [
                1
            ], 
            "deployed": true, 
            "description": "Supports standard II V I progressions."
        }
    }, 
    {
        "pk": 15, 
        "model": "appstore.app", 
        "fields": {
            "category": 1, 
            "superseeds": null, 
            "name": "Soprano Ukulele", 
            "image": "appstore/app/image/Back-packer-icon.png", 
            "editor": "appstore.contrib.dummy_appeditor", 
            "provides": 1, 
            "in_appstore": true, 
            "default_for_feature": false, 
            "requires": [], 
            "deployed": true, 
            "description": "Tuned in CGEA"
        }
    }, 
    {
        "pk": 14, 
        "model": "appstore.app", 
        "fields": {
            "category": 1, 
            "superseeds": null, 
            "name": "Tenor ukulele", 
            "image": "appstore/app/image/Uke-3-shadow-icon.png", 
            "editor": "appstore.contrib.dummy_appeditor", 
            "provides": 1, 
            "in_appstore": true, 
            "default_for_feature": true, 
            "requires": [], 
            "deployed": true, 
            "description": "Tuned in CGEA."
        }
    }, 
    {
        "pk": 1, 
        "model": "taggit.tag", 
        "fields": {
            "name": "ukulele", 
            "slug": "ukulele"
        }
    }, 
    {
        "pk": 2, 
        "model": "taggit.tag", 
        "fields": {
            "name": "guitar", 
            "slug": "guitar"
        }
    }, 
    {
        "pk": 3, 
        "model": "taggit.tag", 
        "fields": {
            "name": "harmonica", 
            "slug": "harmonica"
        }
    }, 
    {
        "pk": 4, 
        "model": "taggit.tag", 
        "fields": {
            "name": "blues", 
            "slug": "blues"
        }
    }, 
    {
        "pk": 5, 
        "model": "taggit.tag", 
        "fields": {
            "name": "jazz", 
            "slug": "jazz"
        }
    }, 
    {
        "pk": 1, 
        "model": "taggit.taggeditem", 
        "fields": {
            "tag": 1, 
            "content_type": 10, 
            "object_id": 14
        }
    }, 
    {
        "pk": 2, 
        "model": "taggit.taggeditem", 
        "fields": {
            "tag": 1, 
            "content_type": 10, 
            "object_id": 15
        }
    }, 
    {
        "pk": 3, 
        "model": "taggit.taggeditem", 
        "fields": {
            "tag": 1, 
            "content_type": 10, 
            "object_id": 16
        }
    }, 
    {
        "pk": 4, 
        "model": "taggit.taggeditem", 
        "fields": {
            "tag": 2, 
            "content_type": 10, 
            "object_id": 17
        }
    }, 
    {
        "pk": 5, 
        "model": "taggit.taggeditem", 
        "fields": {
            "tag": 2, 
            "content_type": 10, 
            "object_id": 18
        }
    }, 
    {
        "pk": 6, 
        "model": "taggit.taggeditem", 
        "fields": {
            "tag": 3, 
            "content_type": 10, 
            "object_id": 19
        }
    }, 
    {
        "pk": 7, 
        "model": "taggit.taggeditem", 
        "fields": {
            "tag": 3, 
            "content_type": 10, 
            "object_id": 20
        }
    }, 
    {
        "pk": 8, 
        "model": "taggit.taggeditem", 
        "fields": {
            "tag": 4, 
            "content_type": 10, 
            "object_id": 21
        }
    }, 
    {
        "pk": 9, 
        "model": "taggit.taggeditem", 
        "fields": {
            "tag": 4, 
            "content_type": 10, 
            "object_id": 22
        }
    }, 
    {
        "pk": 10, 
        "model": "taggit.taggeditem", 
        "fields": {
            "tag": 5, 
            "content_type": 10, 
            "object_id": 23
        }
    }, 
    {
        "pk": 1, 
        "model": "auth.user", 
        "fields": {
            "username": "admin", 
            "first_name": "Admin", 
            "last_name": "", 
            "is_active": true, 
            "is_superuser": true, 
            "is_staff": true, 
            "last_login": "2012-11-20T14:41:55Z", 
            "groups": [], 
            "user_permissions": [], 
            "password": "pbkdf2_sha256$10000$c9UlmhTz8bfH$4bSG5NQxrv+tMDtm+wi36RTJfaIpqnePs8TyUdN4MUQ=", 
            "email": "admin@example.com", 
            "date_joined": "2012-11-20T13:34:52Z"
        }
    }, 
    {
        "pk": 2, 
        "model": "auth.user", 
        "fields": {
            "username": "test", 
            "first_name": "", 
            "last_name": "", 
            "is_active": true, 
            "is_superuser": false, 
            "is_staff": false, 
            "last_login": "2012-11-20T19:32:48.372Z", 
            "groups": [], 
            "user_permissions": [], 
            "password": "pbkdf2_sha256$10000$3JInVV92UWzb$V2kGlhLkX1QkgyI8XkqqXhAoCGUXGfLKcv/hJGRo3IE=", 
            "email": "", 
            "date_joined": "2012-11-20T19:32:22.267Z"
        }
    }, 
    {
        "pk": 2, 
        "model": "appstore.environment", 
        "fields": {
            "apps": [
                21, 
                22, 
                19, 
                18
            ], 
            "name": "", 
            "users": [
                2
            ]
        }
    }, 
    {
        "pk": 1, 
        "model": "appstore.environment", 
        "fields": {
            "apps": [
                23, 
                14
            ], 
            "name": "t@tt.tt", 
            "users": [
                1
            ]
        }
    },
    {
        "pk": 1, 
        "model": "dummy_appeditor.dummyapp", 
        "fields": {
            "sound": "clingcling", 
            "app": 17
        }
    }, 
    {
        "pk": 2, 
        "model": "dummy_appeditor.dummyapp", 
        "fields": {
            "sound": "dugulupdugugudu", 
            "app": 21
        }
    }, 
    {
        "pk": 3, 
        "model": "dummy_appeditor.dummyapp", 
        "fields": {
            "sound": "digigilili", 
            "app": 22
        }
    }, 
    {
        "pk": 4, 
        "model": "dummy_appeditor.dummyapp", 
        "fields": {
            "sound": "voooovovooov", 
            "app": 20
        }
    }, 
    {
        "pk": 5, 
        "model": "dummy_appeditor.dummyapp", 
        "fields": {
            "sound": "digigiligigi", 
            "app": 16
        }
    }, 
    {
        "pk": 6, 
        "model": "dummy_appeditor.dummyapp", 
        "fields": {
            "sound": "vivvivvovovo", 
            "app": 19
        }
    }, 
    {
        "pk": 7, 
        "model": "dummy_appeditor.dummyapp", 
        "fields": {
            "sound": "dingiding", 
            "app": 18
        }
    }, 
    {
        "pk": 8, 
        "model": "dummy_appeditor.dummyapp", 
        "fields": {
            "sound": "lalallalallalallaala", 
            "app": 23
        }
    }, 
    {
        "pk": 9, 
        "model": "dummy_appeditor.dummyapp", 
        "fields": {
            "sound": "gididigi", 
            "app": 15
        }
    }, 
    {
        "pk": 10, 
        "model": "dummy_appeditor.dummyapp", 
        "fields": {
            "sound": "dugugdudu", 
            "app": 14
        }
    }

]
